{"cameraMode":{"drawMode":0,"name":"Shaded","section":"Shading Mode"},"sceneLighting":false,"audioPlay":false,"sceneViewState":{"m_AlwaysRefresh":false,"showFog":true,"showSkybox":false,"showFlares":true,"showImageEffects":true,"showParticleSystems":true,"showVisualEffectGraphs":true,"m_FxEnabled":true},"in2DMode":false,"pivot":{"x":-2.3950488567352297,"y":4.614564418792725,"z":20.933536529541017},"rotation":{"x":-0.22191911935806275,"y":0.01520789135247469,"z":-0.0034617604687809946,"w":-0.9749415516853333},"size":3.4450953006744386,"orthographic":false}