{"cameraMode":{"drawMode":0,"name":"Shaded","section":"Shading Mode"},"sceneLighting":false,"audioPlay":false,"sceneViewState":{"m_AlwaysRefresh":false,"showFog":true,"showSkybox":false,"showFlares":true,"showImageEffects":true,"showParticleSystems":true,"showVisualEffectGraphs":true,"m_FxEnabled":true},"in2DMode":false,"pivot":{"x":0.7132208347320557,"y":-0.6506403088569641,"z":1.1617262363433838},"rotation":{"x":0.11161618679761887,"y":-0.6745156645774841,"z":0.1042238399386406,"w":0.7223144769668579},"size":0.7764715552330017,"orthographic":false}