{"cameraMode":{"drawMode":0,"name":"Shaded","section":"Shading Mode"},"sceneLighting":false,"audioPlay":false,"sceneViewState":{"m_AlwaysRefresh":false,"showFog":true,"showSkybox":false,"showFlares":true,"showImageEffects":true,"showParticleSystems":true,"showVisualEffectGraphs":true,"m_FxEnabled":true},"in2DMode":false,"pivot":{"x":-0.008834153413772583,"y":-0.9673542976379395,"z":0.25551319122314455},"rotation":{"x":-0.32981789112091067,"y":-0.031997743993997577,"z":0.011185145936906338,"w":-0.9434406757354736},"size":2.366025447845459,"orthographic":false}