{"cameraMode":{"drawMode":0,"name":"Shaded","section":"Shading Mode"},"sceneLighting":false,"audioPlay":false,"sceneViewState":{"m_AlwaysRefresh":false,"showFog":true,"showSkybox":false,"showFlares":true,"showImageEffects":true,"showParticleSystems":true,"showVisualEffectGraphs":true,"m_FxEnabled":true},"in2DMode":false,"pivot":{"x":-0.009629011154174805,"y":-0.048524320125579837,"z":1.3153082132339478},"rotation":{"x":0.054338760673999789,"y":0.6834507584571838,"z":0.05114269256591797,"w":-0.7261765003204346},"size":0.7360376715660095,"orthographic":false}